название;группа;свойства;источник
Газон обыкновенный (мятлик луговой, овсяница красная, райграс пастбищный);Г;н,с,п;743
Газон теневыносливый (овсяница красная, мятлик лесной);Г;н,п,т;743
Посев теневыносливой дикорастущей растительности;Г;н,т;743
Астильба;М;п,т;ДЖКХ,АД
Хоста;М;н,п,т;ДЖКХ,АД
Гейхера;М;н,п;ДЖКХ
Лилейник;М;н,с,п,у;АД
Ирис сибирский;М;н,с,п;АД
Пион;М;с;АД
Пион тонколистный;М;с,з;АД
Флокс метельчатый;М;с,п;ОЗ,ДЖКХ
Флокс шиловидный;М;н,с,з;ОЗ
Очиток;М;н,с,з,у;ДЖКХ
Тысячелистник;М;н,с,з,у;ДЖКХ
Шалфей дубравный;М;н,с,з;ДЖКХ,АД
Астра многолетняя;М;с;ДЖКХ
Василёк горный;М;н,с;ДЖКХ
Василёк русский;М;н,с,з;АД
Аквилегия;М;п,я;ДЖКХ
Традесканция садовая;М;п;ДЖКХ
Арабис;М;н,с,з;ДЖКХ
Колокольчик;М;н,с,п;АД
Герань лесная;М;н,п;АД
Примула;М;п;АД
Ландыш майский;М;н,т,я;АД
Фиалка душистая;М;п,т;АД
Камнеломка дернистая;М;п;АД
Ясколка альпийская;М;н,с,з;АД
Кошачья лапка;М;н,с,з;АД
Лён многолетний;М;с,з;АД
Княженика;М;п;АД
Просо прутьевидное (декоративный злак);М;н,с,з;ДЖКХ
Бархатцы (тагетес);О;н,с,у;ОЗ,ДЖКХ,АД
Бегония;О;н,п;ОЗ,ДЖКХ,АД
Агератум;О;с;ОЗ,АД
Петуния;О;с;ДЖКХ,АД
Пеларгония зональная;О;н,с;ОЗ,АД
Цинния;О;с,з;ОЗ,АД
Сальвия;О;с;ДЖКХ
Колеус;О;п;ДЖКХ
Кохия;О;н,с,з,у;ДЖКХ,АД
Цинерария приморская;О;с,з;ДЖКХ,АД
Бальзамин Уоллера;О;п,т;ОЗ,АД
Георгин;О;с;ДЖКХ
Лобелия;О;с,п,я;ДЖКХ
Маттиола;О;с;АД
Канна;О;с;АД
Амарант хвостатый;О;с;АД
Виола (анютины глазки);О;н,с,п;ОЗ,ДЖКХ,АД
Тюльпан;Б;с,я;ДЖКХ,АД
Тюльпан Биберштейна;Б;с,з;АД
Крокус;Б;н,с,п;АД
